story_id,prediction,rationale
95,0,"Evidence 5 shows the opposite dynamic: during the Hundred Days, “Napoleon would… have deprived Villefort of his off..."
136,0,"Faria says he was Cardinal Spada’s secretary for twenty years and was arrested around 1811 in Italy (Piombino), wit..."
59,1,The novel presents Thalcave as a highly capable outdoorsman who first appears on a mountain ledge to shoot the cond...
60,1,"Thalcave is portrayed as a brave, capable Patagonian baqueano and crack shot who literally rescues Robert, indicati..."
124,1,"Faria states he has been imprisoned since 1811, with three prior years at Fenestrelle (Evidence 16), which leaves o..."
111,1,"Noirtier is explicitly described as a leading Bonapartist conspirator during the Restoration (Evidence 8), aligning..."
135,0,"The novel has Faria arrested around 1811 at Piombino, with three prior years at the fortress of Fenestrelle before ..."
27,1,"Nothing in the excerpts addresses Ayrton/Ben Joyce’s childhood or hearing, so the claim he ran to the docks at twel..."
110,1,"Noirtier is explicitly portrayed as a Girondin and later a leading Bonapartist conspirator (Evidence 16, Evidence 8..."
42,1,Evidence confirms Ayrton (Tom Ayrton) served as quartermaster on the Britannia via a signed contract (Evidence 11/1...
56,0,"The novel’s earthquake on the Chilean frontier occurs before Thalcave even appears (Evidence 3), while Thalcave is ..."
80,1,The novel depicts Kai-Koumou as a powerful Maori chief and war leader-priest who commands canoes and warriors and e...
28,1,"The retrieved text establishes Ayrton as an intelligent, capable seaman and quartermaster of the Britannia (e.g., E..."
101,1,The novel repeatedly presents Noirtier as a fervent revolutionary: he is called a Girondin of ’93 and later describ...
91,0,The novel ties Noirtier to the “Rue Saint‑Jacques” affair and the assassination of General (not deputy) de Quesnel ...
24,0,"Paganel is portrayed as the French secretary of the Paris Geographical Society, en route to India on the Scotia, wh..."
119,1,"Evidence 1 confirms Faria spent three years imprisoned at Fenestrelle before transfer to the Château d’If, matching..."
93,0,"The novel portrays Noirtier as an influential Bonapartist operating at court and in Paris (e.g., the Bonapartist Cl..."
72,0,"The backstory says two of Kai-Koumou’s spies became Glenarvan’s servants in Auckland, but the narrative makes clear..."
16,1,The novel repeatedly identifies Paganel as a Frenchman and secretary of the Geographical Society of Paris (Evidence...
30,0,"After being landed on the west coast of Australia on April 8, 1862, Ayrton states he joined escaped convicts and be..."
97,0,"In the Barrois episode, it is Dr. d’Avrigny who diagnoses the poisoning, conducts the questioning, and confirms it ..."
22,1,"Paganel is portrayed as a humane, quietly chivalrous helper who eagerly supports the vulnerable (e.g., his tender g..."
53,1,"The novel establishes an exceptionally deep, intuitive bond between Thalcave and Thaouka: Thalcave alone “knew Thao..."
58,0,The novel repeatedly portrays Thalcave as unfamiliar with European geographic concepts: Paganel must laboriously dr...
81,1,The novel portrays Kai-Koumou as a fierce Waikato Maori chief and priest engaged in violent conflict with Europeans...
47,1,"Nothing in the retrieved passages addresses Thalcave’s parentage or early youth, nor do they mention or preclude hi..."
7,0,Evidence states Paganel had “passed his life in studying geography” and was only now setting out on a roving life (...
121,0,Dantès’ father is never imprisoned or transported; he remains in Marseilles and later dies of hunger (evidence 15 s...
129,1,"Faria is explicitly shown to make pen-nibs from fish cartilages and to use a fish-bone needle, carving them with a ..."
51,1,"Nothing in the retrieved text addresses Thalcave’s childhood or family, so the event of a shepherd dying to protect..."
127,0,"The backstory claims Faria spent twenty years in one cell, but the novel states he was arrested in 1811 and, at the..."
133,1,Faria is portrayed as both rigorously scientific and sincerely religious: he attempts calculations that might “chan...
52,0,"The novel explicitly describes Thaouka as brown: “His brown color indicated a sound, spirited and courageous beast”..."
114,1,Faria is depicted as an exceptionally learned abbé with notable chemical knowledge and scholarly breadth (Evidence ...
2,1,"Nothing in the excerpts addresses Paganel’s childhood or forbids an early, incidental exposure to Spanish. In the n..."
33,0,"The novel portrays Ayrton as the Britannia’s quartermaster who later becomes the convict leader Ben Joyce, with his..."
15,0,Evidence portrays Paganel as a scholar who has “spent his life in studying geography” and is only now “enter[ing] u...
82,1,The novel shows Kai-Koumou directly questioning Glenarvan without an interpreter (“You are English? … And your comp...
37,1,"The evidence confirms Ayrton as an experienced sailor and quartermaster (“Tom Ayrton, able seaman… engaged as quart..."
3,1,"The excerpts establish Paganel as a renowned geographer and Secretary of the Geographical Society (Evidence 2), and..."
103,0,"The novel shows Noirtier aligning with and benefiting from Napoleonic power, not distancing from it. He is identifi..."
94,0,"Villefort states Noirtier’s paralysis came from apoplexy that struck “not in a day, not in an hour, but in a second..."
85,0,"The novel shows Kai-Koumou’s motive is to trade the captives for his tribe’s imprisoned high-priest (Tohonga), not ..."
21,0,Paganel is explicitly a French geographer and secretary of the Geographical Society who has spent twenty years in s...
49,1,"Thalcave is depicted as a Patagonian baqueano operating on the frontiers from the Andes into the Pampas, a setting ..."
140,1,"Faria forms a clandestine friendship with Dantès via a secret passage between their cells, collaborating on plans a..."
64,1,Nothing in the evidence forbids Thalcave from having been on the Chilean coast or aiding a ship; he is a Patagonian...
131,1,"Evidence 1 explicitly says Faria was born at Rome, and the timeline allows a 1760 birth year without conflict with ..."
61,1,"Thalcave consistently risks himself to save others—planning to lure the wolves away (evidences 3–5, 9) and shooting..."
86,1,Kai-Koumou’s demeanor is shown as cold and haughty toward Glenarvan (“glanced coldly…‘cursed European?’” Evidence 1...
38,1,"Ayrton/Ben Joyce is depicted as hot-tempered, defiant, and obstinate—he “flew into a passion,” tried to force a cou..."
132,1,"Faria is established as a Roman-born polymath and scholar: he says he will teach Dantès mathematics, physics, histo..."
77,0,The novel explicitly states Kai-Koumou spares and bargains over the captives only because his high priest (Tohonga)...
70,1,Nothing in the evidence contradicts this past. Kai-Koumou is shown as a ruthless chief-priest who enforces taboo an...
115,1,"The novel states Faria was born in Rome and served as Cardinal Spada’s secretary for twenty years (Evidence 5), but..."
78,1,"The novel gives no information about Kai-Koumou’s parents or childhood, while depicting him as a Maori chief-priest..."
87,1,"The novel firmly establishes Noirtier as a former Girondin who was persecuted during the Terror (e.g., “proscribed ..."
75,1,"Kai-Koumou is depicted as both chief and priest who invokes taboo (Evidence 15) and, along with the Maoris, interpr..."
44,1,"Ayrton initially shows no remorse and maintains stubborn silence (Evidence 1–2), but later explicitly seeks abandon..."
